theme_no,order,name,words
1,1,Starter Kit,40
2,2,Greetings & Courtesy,47
3,3,Numbers & Measure Words,111
4,4,Time & Dates,148
5,5,Family & People,99
6,6,Food & Drink,141
7,7,Shopping & Money,98
8,8,Home & Housework,107
9,9,Daily Routine,150
10,10,Body & Health,175
11,11,Clothes & Appearance,81
12,12,Transport & Travel,103
13,13,Places & Directions,117
14,14,Weather & Seasons,47
15,15,Nature & Animals,156
16,16,School & Study,161
17,17,Work & Office,232
18,18,"Phone, Internet & Media",114
19,19,Hobbies & Sports,109
20,20,Feelings,233
21,21,Personality & Behavior,302
22,22,Friends & Social Life,105
23,23,Talking & Thinking,283
24,24,Describing Things,489
25,25,Business & Economy,145
26,26,"Society, Law & Politics",304
27,27,Science & Technology,106
28,28,"Culture, History & Arts",131
29,29,Linking & Abstract Words,673
30,30,Idioms & Formal Expressions,36
