id,word,sentence,en,ok,better_en
w0119,打电话,他在打电话呢。,He is making a phone call.,,
w0246,红,我的自行车是红色的。,My bicycle is red.,,
w0581,上网,我上网去看看新闻。,I'll get online to check the news.,,
w0696,保证,我保证，以后不迟到了。,I promise I won't be late again.,,
w0962,熟悉,我跟他们都很熟悉。,I know them all very well.,,
w1035,感动,这个电影我看了很感动。,I was very moved after watching this movie.,,
w1067,随着,随着经济的发展，人们的生活有了很大的提高。,"Along with economic development, people's lives have improved greatly.",,
w1105,难受,我感冒了，身体很难受。,I have a cold and I feel unwell.,,
w1143,缺少,你看还缺少什么，我现在就去买。,"See what we're still lacking, and I'll go buy it now.",,
w1202,鼓掌,大家为他鼓掌。,Everyone applauded for him.,,
w1206,握手,他们见面就握手。,They shook hands as soon as they met.,,
w1447,呆,听到这个消息，他吓得呆住了。,"When he heard the news, he was so scared that he froze.",,
w1470,想象,你能想象那个地方吗？,Can you imagine that place?,,
w1522,摆,他把书摆得很整齐。,He arranged the books very neatly.,,
w1535,通常,他通常六点起床。,He usually gets up at six.,,
w1660,领域,他在这个领域工作很久了。,He has worked in this field for a long time.,,
w1753,始终,他始终相信自己会成功。,He always believed he would succeed.,,
w1845,去世,他爷爷去年去世了。,His grandfather passed away last year.,,
w1889,匹,他骑着一匹马去上班。,He rides a horse to work.,,
w1918,地震,很多人在地震中受伤了。,Many people were injured in the earthquake.,,
w2103,赞成,大家都赞成这个计划。,Everyone approves of this plan.,,
w2122,进口,这家商店卖进口水果。,This store sells imported fruit.,,
w2150,地道,地道的出口在不容易发现的地方。,The tunnel's exit is in a spot that isn't easy to find.,,
w2154,性质,这两件事情的性质不同。,These two matters are different in nature.,,
w2260,牛仔裤,她穿了一条新牛仔裤。,She wore a new pair of jeans.,,
w2382,姑姑,儿子紧紧抱着姑姑给他的礼物。,The son tightly hugged the gift his aunt gave him.,,
w2403,交际,他不太喜欢交际活动。,He doesn't much like social activities.,,
w2414,诚恳,你得和老板诚恳地沟通。,You need to communicate sincerely with your boss.,,
w2571,协议,我们毫无异议地接受了这一协议。,We accepted this agreement without any objection.,,
w2835,产业,你的产业陷入困境了吗？,Has your industry run into trouble?,,
w2915,脆弱,他们的进攻如他们的信仰一般脆弱！,Their attack was as fragile as their faith!,,
w2984,器官,人体每个器官都有它独特的功能。,Every organ in the human body has its own unique function.,,
w3520,要不然,你可以坐船去那儿，要不然坐火车也行。,"You can go there by boat, or otherwise by train.",,
w3522,惊奇,情势的发展十分迅速，以至使很多人感到惊奇。,The situation developed so quickly that it surprised many people.,,
w3536,消极,他无法抑制自己消极的情绪。,He couldn't suppress his negative emotions.,,
w3578,摩擦,我受不了粉笔在黑板上摩擦时发出的刺耳声音。,I can't stand the harsh sound made when chalk rubs against the blackboard.,,
w3608,配备,这个体育场配备了八万多个观众座席。,This stadium is equipped with more than eighty thousand spectator seats.,,
w3633,琢磨,他这个人就爱在心里反复琢磨事儿。,That person just likes to ponder things over and over in his mind.,,
w3674,公务,他在执行公务时受了伤。,He was injured while carrying out official business.,,
w3696,忍耐,忍耐是成功的重要条件。,Patience is an important condition for success.,,
w3988,遗留,许多历史遗迹一直遗留到现在。,Many historical sites have been left over to this day.,,
w4282,灵敏,狗的嗅觉很灵敏。,A dog's sense of smell is very sensitive.,,
w4353,转达,她要我转达对你的问候。,She asked me to convey her regards to you.,,
w4391,毅力,学习没有毅力是不行的。,You cannot study without perseverance.,,
w4504,防治,我们的政府正在尽力采取措施，防治污染。,Our government is doing its best to take measures for the prevention and cure of pollution.,,
w4541,学说,他的学说把许多人诱入歧途。,His theory led many people astray.,,
w4622,朴实,她母亲是个朴实的妇女。,"Her mother is a simple, plain woman.",,
w4872,盛情,演员们受到盛情的款待。,The actors were treated with great hospitality.,,
w4985,相辅相成,学校与家长的教育方法必须相辅相成。,The school's and the parents' methods of education must complement each other.,,
w5007,悬崖峭壁,这座山四处都是悬崖峭壁，非常危险。,"This mountain is surrounded by cliffs everywhere, which is very dangerous.",,
