hz,form,words,where
不可思议,idiom,,card
莫名其妙,idiom,,card
无能为力,idiom,,card
迫不及待,joined,,card
迄今为止,idiom,,card
一如既往,idiom,,card
全力以赴,idiom,,card
众所周知,joined,,card
理所当然,joined,,card
小心翼翼,idiom,,card
想方设法,idiom,,card
讨价还价,idiom,,card
二氧化碳,joined,,card
轻而易举,joined,,card
名副其实,idiom,,card
微不足道,joined,,card
竭尽全力,idiom,,card
恰到好处,idiom,,card
当务之急,idiom,,card
千方百计,idiom,,card
新陈代谢,idiom,,card
无动于衷,idiom,,card
不择手段,idiom,,card
齐心协力,idiom,,card
自力更生,idiom,,card
无理取闹,idiom,,card
一帆风顺,idiom,,card
力所能及,joined,,card
肆无忌惮,joined,,card
一目了然,idiom,,card
举足轻重,idiom,,card
无忧无虑,idiom,,card
总而言之,joined,,card
实事求是,idiom,,card
无可奈何,idiom,,card
滔滔不绝,idiom,,card
雪上加霜,idiom,,card
家喻户晓,idiom,,card
不言而喻,idiom,,card
兴高采烈,idiom,,card
有条不紊,idiom,,card
一丝不苟,idiom,,card
见义勇为,idiom,,card
层出不穷,joined,,card
断断续续,joined,,card
再接再厉,idiom,,card
不屑一顾,idiom,,card
供不应求,joined,,card
恍然大悟,idiom,,card
不相上下,idiom,,card
归根到底,idiom,,card
热泪盈眶,idiom,,card
半途而废,idiom,,card
后顾之忧,idiom,,card
根深蒂固,idiom,,card
循序渐进,idiom,,card
无微不至,idiom,,card
兴致勃勃,idiom,,card
无精打采,idiom,,card
无穷无尽,idiom,,card
爱不释手,joined,,card
急功近利,idiom,,card
咬牙切齿,idiom,,card
与日俱增,idiom,,card
兢兢业业,joined,,card
争先恐后,idiom,,card
日新月异,idiom,,card
安居乐业,idiom,,card
刻不容缓,joined,,card
物美价廉,idiom,,card
得不偿失,joined,,card
优胜劣汰,idiom,,card
一举两得,idiom,,card
无可奉告,idiom,,card
精打细算,idiom,,card
潜移默化,idiom,,card
聚精会神,idiom,,card
难能可贵,idiom,,card
欣欣向荣,idiom,,card
统筹兼顾,idiom,,card
东张西望,idiom,,card
络绎不绝,idiom,,card
举世闻名,idiom,,card
任重道远,idiom,,card
举世瞩目,idiom,,card
朝气蓬勃,idiom,,card
斩钉截铁,idiom,,card
天伦之乐,idiom,,card
见多识广,idiom,,card
精益求精,idiom,,card
从容不迫,idiom,,card
理直气壮,idiom,,card
称心如意,idiom,,card
锲而不舍,joined,,card
津津有味,idiom,,card
风土人情,idiom,,card
相辅相成,idiom,,card
知足常乐,idiom,,card
得天独厚,idiom,,card
急于求成,idiom,,card
博大精深,idiom,,card
喜闻乐见,idiom,,card
波涛汹涌,idiom,,card
空前绝后,idiom,,card
川流不息,idiom,,card
岂有此理,joined,,card
各抒己见,idiom,,card
画蛇添足,idiom,,card
悬崖峭壁,idiom,,card
继往开来,idiom,,card
苦尽甘来,idiom,,card
丢三落四,idiom,,card
拔苗助长,idiom,,card
锦绣前程,idiom,,card
深情厚谊,idiom,,card
飞禽走兽,idiom,,card
饱经沧桑,idiom,,card
烟花爆竹,words,烟花 爆竹,card
素食主义,words,素食 主义,card
通货膨胀,words,通货 膨胀,card
