hz,pynum,gloss,why
了,le5,used at the end of a sentence to indicate change in status; used after a verb to indicate that the action is in the past and has been completed,misspelled senence
洗,xi3,wash; develop and print (a picture),misspelled develope
报名,bao4 ming2,"sign up; enroll; give your name, age, etc. in order to participate in an activity or organization",toparticipate run together; short senses first
吃惊,chi1 jing1,feel afraid suddenly; be startled; be shocked; be astonished; be taken aback,beshocked run together
从来,cong2 lai2,right from the beginning; always; at all times; all along,alltimes run together
符合,fu2 he2,correspond with; accord with; conform to,misspelled comform
受到,shou4 dao4,accept; receive,misspelled recieve
之,zhi1,"auxiliary word, used to form a grammatical structure",misspelled gramatical
称呼,cheng1 hu5,call; form of address,misspelled sddress
幅,fu2,"measure word for cloth, silk, woollen fabric, paintings",misspelled measures word and paitings
干脆,gan1 cui4,simply; straightforward,misspelled straighforward
广大,guang3 da4,vast; numerous,misspelled mumerous
过期,guo4 qi1,be overdue; expire,misspelled ecpire
饱经沧桑,bao3 jing1 cang1 sang1,have experienced many changes and vicissitudes in human life,vicissitudesin run together
裁员,cai2 yuan2,cut down the number of persons employed,personsemployed run together
充实,chong1 shi2,substantial; fulfilling; enrich,misspelled fullfilling
搭档,da1 dang4,cooperate; work together; partner,worktogether run together
栋,dong4,measure word for buildings,misspelled measures word and buildigns
动荡,dong4 dang4,turbulent; unrest,misspelled turbulentl
兑现,dui4 xian4,cash; pay cash; fulfil,misspelled fullfill
反倒,fan3 dao4,on the contrary; instead,junk text fjdk
分红,fen1 hong2,share out bonus; receive dividends,misspelled dividents
坟墓,fen2 mu4,grave; tomb,junk text tabut
港湾,gang3 wan1,dock and harbour,junk text ecronic
过问,guo4 wen4,concern oneself with; take an interest in,aninterest run together
国务院,guo2 wu4 yuan4,the State Council,misspelled Sate
号召,hao4 zhao4,call; appeal,misspelled appea
继往开来,ji4 wang3 kai1 lai2,carry on the cause of one's predecessors and forge ahead into the future,forgeahead run together
基因,ji1 yin1,gene,misspelled gen
借鉴,jie4 jian4,use for reference; draw on the experience of,theexperience run together
联络,lian2 luo4,get in touch with; contact; connect with,misspelled onnect
勉强,mian3 qiang3,force to do sth.; manage with an effort; reluctantly,aneffort run together
名额,ming2 e2,the number of people assigned or allowed,assignedor run together
纽扣儿,niu3 kou4 r5,button; fastener,misspelled astener
评估,ping2 gu1,assess; evaluate,misspelled evaluat
俗话,su2 hua4,saying; folk saying,folksaying run together
团结,tuan2 jie2,unite; cohesive,unit should be unite
眼色,yan3 se4,meaningful glance; hint given with the eyes,givenwith run together
意料,yi4 liao4,expectation; surprise; expect; anticipate,misspelled expection
庸俗,yong1 su2,vulgar; philistine,misspelled philistin
折磨,zhe2 mo2,torment; cause physical or mental suffering,ormental run together
争议,zheng1 yi4,dispute; controversy,misspelled controver
