cell,char
1,肩
2,！
3,匀
4,，
5,壶
6,诀
7,询
8,趴
9,映
10,挤
11,驶
12,击
13,皿
14,咨
15,劝
16,尼
17,巨
18,绽
19,青
20,僧
21,镑
22,匹
23,府
24,面
25,瑞
26,粱
27,鸥
28,酌
29,梳
30,粮
31,瑜
32,吉
33,恢
34,嘉
35,渲
36,旦
37,蜜
38,漠
39,澳
40,湖
41,帘
42,梅
43,卧
44,彬
45,妮
46,某
47,腴
48,逆
49,煮
50,愈
51,链
52,替
53,憩
54,贸
55,绳
56,娶
57,碾
58,亿
59,返
60,驾
61,拍
62,潭
63,兵
64,眸
65,燃
66,租
67,曹
68,宙
69,躯
70,伽
71,骋
72,噩
73,北
74,麦
75,浓
76,菲
77,瑰
78,徽
79,涸
80,叨
81,庙
82,凿
83,王
84,姻
85,礁
86,瞬
87,乙
88,缘
89,怖
90,氛
91,。
92,撕
93,蜿
94,谨
95,狮
96,虽
97,捕
98,掌
99,诗
100,男
101,勇
102,但
103,橘
104,葛
105,粥
106,河
107,颇
108,杭
109,溺
110,均
111,煎
112,盏
113,驼
114,梗
115,跨
116,梢
117,膨
118,煤
119,、
120,柑
121,嗯
122,陌
123,棉
124,兔
125,割
126,碰
127,殷
128,雾
129,狸
130,僚
131,敦
132,肌
133,～
134,幻
135,宴
136,嗓
137,酵
138,？
139,衮
140,俩
141,卜
142,稳
143,筑
144,睁
145,润
146,拓
147,搁
148,嘛
149,尘
150,莲
151,捎
152,龙
153,吨
154,刑
155,寺
156,骆
157,舌
158,莓
159,寡
160,挎
161,桃
162,眠
163,享
164,蚊
165,慧
166,懦
167,仆
168,踢
169,眉
170,玫
171,徐
172,竹
173,：
174,媚
175,逞
176,锄
177,蹲
178,焕
179,秩
180,桩
181,滩
182,猪
183,鼠
184,枪
185,六
186,祈
187,抨
188,舟
189,谜
190,耻
191,痛
192,榕
193,城
194,鲨
195,锯
196,艾
197,谚
198,腰
199,君
200,吩
201,萝
202,铃
203,州
204,祷
205,；
206,蜂
207,寿
208,宇
209,蜒
210,尾
211,账
212,坡
213,宋
214,抓
215,企
216,屋
217,界
218,鸟
219,卷
220,讯
221,兰
222,宿
223,祭
224,撼
225,摔
226,苗
227,哲
228,斧
229,迅
230,阂
231,晕
232,殊
233,慷
234,胀
235,鹿
236,逃
237,狐
238,县
239,蝇
240,炊
241,琐
242,匠
243,完
244,冽
245,村
246,瞎
247,税
248,嫁
249,垒
250,琴
251,魅
252,疗
253,碟
254,扉
255,细
256,庭
257,谆
258,凛
259,夸
260,粽
261,榴
262,娱
263,稼
264,墙
265,兄
266,偷
267,砾
268,液
269,涮
