hz,pynum,pos,gloss,why
没,mei2,,,méi (not) is the HSK 1 word; mò (sink) is not
女人,nü3 ren2,,,woman
刷,shua1,,,to brush (刷牙)
弹,tan2,,,to play a string instrument (弹钢琴)
当,dang1,v. prep.,to act as; to be; when,to act as; when
精神,jing1 shen2,,,spirit; mind
狮子,shi1 zi5,,,lion
哈,ha1,int.,ha! (laughter or surprise),ha (laughter)
横,heng2,,,horizontal
结实,jie1 shi5,,,sturdy; strong
尽量,jin3 liang4,,,as much as possible
卷,juan3,,,to roll up
露,lu4,n. v.,dew; to show; to reveal,dew; to reveal (lù; lòu is the colloquial reading)
摸,mo1,,,to touch
匹,pi3,m.,measure word for horses; measure word for cloth (a bolt),measure word for horses and cloth
片,pian4,m. n.,"slice; flake; measure word for flat, thin things",slice; measure word for flat pieces
浅,qian3,,,shallow; light (colour)
抢,qiang3,v.,to grab; to rob; to snatch,to grab; to rob
切,qie1,,,to cut
圈,quan1,,,circle; ring
土地,tu3 di4,,,land; soil
吐,tu3,,,to spit
歪,wai1,,,crooked
系,xi4,n. v.,department; system; to relate to,department; to relate to
吓,xia4,,,to frighten
乙,yi3,,,second (after 甲)
晕,yun1,,,dizzy
涨,zhang3,,,to rise (prices and water)
正,zheng4,adj. adv.,straight; upright; just (doing sth),straight; just (doing)
