cell,flagged_by
1,AB
9,AB
13,AB
60,AB
123,AB
159,AB
160,AB
175,AB
177,AB
284,AB
291,AB
301,AB
318,AB
348,AB
380,AB
460,AB
481,AB
498,AB
518,AB
519,AB
534,AB
536,AB
537,AB
553,AB
562,AB
572,AB
581,AB
601,AB
603,AB
655,AB
674,AB
686,AB
724,AB
735,AB
747,AB
761,AB
768,AB
791,AB
797,AB
830,AB
832,AB
868,AB
877,AB
922,AB
923,AB
924,AB
945,AB
959,AB
965,AB
966,AB
974,AB
1030,AB
1038,AB
1040,AB
1052,AB
1061,AB
1073,AB
1075,AB
1077,AB
1102,AB
1130,AB
1148,AB
1191,AB
1202,AB
1207,AB
1210,AB
1235,AB
1273,AB
1286,AB
1399,AB
1406,AB
1418,AB
1437,AB
1458,AB
1460,AB
1472,AB
1492,AB
1501,AB
1521,AB
1536,AB
1597,AB
1622,AB
1672,AB
1694,AB
1738,AB
1758,AB
1760,AB
1761,AB
1763,AB
1768,AB
1789,AB
1801,AB
1804,AB
1817,AB
1824,AB
1837,AB
1848,AB
1882,AB
1900,AB
1925,AB
1994,AB
2011,AB
2034,AB
2040,AB
2132,AB
2141,AB
2157,AB
2177,AB
2196,AB
2226,AB
2252,AB
2253,AB
2271,AB
2275,AB
2279,AB
2311,AB
2315,AB
2316,AB
2335,AB
2365,AB
2380,AB
2389,AB
